<?xml version="1.0" encoding="UTF-8"?>
<CloudSettingsMap>
  <KeyframeTimes content="float_array">
    0.000000	
    4.000000	
    5.000000	
    6.000000	
    7.000000
    8.000000
    9.000000	
    10.000000	
    12.000000	
    16.000000	
    17.000000	
    18.000000	
    19.000000	
    20.000000	
    21.000000	
    22.000000	
  </KeyframeTimes>
  <SettingsMap>
    <Item>
      <Name>MEDIUMclouds</Name>
      <Settings>
        <CloudList>
          <mProbability content="int_array">
            1 
            1 
            1 
            1 
            1 
            1 
            1 
            1 
            1 
            1 
            1 
            1 
            1 
            1 
            1 
            1 
            1 
            1 
            1 
            1 
            1 
          </mProbability>
          <mBits bits="21" content="int_array">
            0x000A0101 
          </mBits>
        </CloudList>
        <CloudColor>
          <keyData>
            <numKeyEntries value="14" />
            <keyEntryData content="float_array">
              0.000000	0.166 0.166 0.166 1
              4.000000	0.166 0.166 0.166 1
              5.000000	0.166 0.166 0.166 1
              6.000000	0.166 0.166 0.166 1
              7.000000	0.166 0.166 0.166 1
              10.000000	0.166 0.166 0.166 1
              12.000000	0.166 0.166 0.166 1
              16.000000	0.166 0.166 0.166 1
              17.000000	0.166 0.166 0.166 1
              18.000000	0.166 0.166 0.166 1
              19.000000	0.166 0.166 0.166 1
              20.000000	0.166 0.166 0.166 1
              21.000000	0.166 0.166 0.166 1
              22.000000	0.166 0.166 0.166 1
            </keyEntryData>
          </keyData>
        </CloudColor>
        <CloudLightColor>
          <keyData>
            <numKeyEntries value="14" />
            <keyEntryData content="float_array">
              0.000000	0.073 0.073 0.073 1
              4.000000	0.073 0.073 0.073 1
              5.000000	0.073 0.073 0.073 1
              6.000000	0.073 0.073 0.073 1
              7.000000	0.073 0.073 0.073 1
              10.000000 0.073 0.073 0.073 1
              12.000000	0.073 0.073 0.073 1
              16.000000	0.073 0.073 0.073 1
              17.000000	0.073 0.073 0.073 1
              18.000000	0.073 0.073 0.073 1
              19.000000	0.073 0.073 0.073 1
              20.000000	0.073 0.073 0.073 1
              21.000000	0.073 0.073 0.073 1
              22.000000	0.073 0.073 0.073 1
            </keyEntryData>
          </keyData>
        </CloudLightColor>
        <CloudAmbientColor>
          <keyData>
            <numKeyEntries value="14" />
            <keyEntryData content="float_array">
              0.000000	0.073 0.073 0.073 1
              4.000000	0.073 0.073 0.073 1
              5.000000	0.073 0.073 0.073 1
              6.000000	0.073 0.073 0.073 1
              7.000000	0.073 0.073 0.073 1
              10.000000 0.073 0.073 0.073 1
              12.000000	0.073 0.073 0.073 1
              16.000000	0.073 0.073 0.073 1
              17.000000	0.073 0.073 0.073 1
              18.000000	0.073 0.073 0.073 1
              19.000000	0.073 0.073 0.073 1
              20.000000	0.073 0.073 0.073 1
              21.000000	0.073 0.073 0.073 1
              22.000000	0.073 0.073 0.073 1
            </keyEntryData>
          </keyData>
        </CloudAmbientColor>
        <CloudSkyColor>
          <keyData>
            <numKeyEntries value="14" />
            <keyEntryData content="float_array">
              0.000000	0.073 0.073 0.073 1
              4.000000	0.073 0.073 0.073 1
              5.000000	0.073 0.073 0.073 1
              6.000000	0.073 0.073 0.073 1
              7.000000	0.073 0.073 0.073 1
              10.000000 0.073 0.073 0.073 1
              12.000000	0.073 0.073 0.073 1
              16.000000	0.073 0.073 0.073 1
              17.000000	0.073 0.073 0.073 1
              18.000000	0.073 0.073 0.073 1
              19.000000	0.073 0.073 0.073 1
              20.000000	0.073 0.073 0.073 1
              21.000000	0.073 0.073 0.073 1
              22.000000	0.073 0.073 0.073 1
            </keyEntryData>
          </keyData>
        </CloudSkyColor>
        <CloudBounceColor>
          <keyData>
            <numKeyEntries value="14" />
            <keyEntryData content="float_array">
              0.000000	0.073 0.073 0.073 1
              4.000000	0.073 0.073 0.073 1
              5.000000	0.073 0.073 0.073 1
              6.000000	0.073 0.073 0.073 1
              7.000000	0.073 0.073 0.073 1
              10.000000 0.073 0.073 0.073 1
              12.000000	0.073 0.073 0.073 1
              16.000000	0.073 0.073 0.073 1
              17.000000	0.073 0.073 0.073 1
              18.000000	0.073 0.073 0.073 1
              19.000000	0.073 0.073 0.073 1
              20.000000	0.073 0.073 0.073 1
              21.000000	0.073 0.073 0.073 1
              22.000000	0.073 0.073 0.073 1
            </keyEntryData>
          </keyData>
        </CloudBounceColor>
        <CloudEastColor>  
          <keyData>
            <numKeyEntries value="14" />
            <keyEntryData content="float_array">
              0.000000	0.073 0.073 0.073 1
              4.000000	0.073 0.073 0.073 1
              5.000000	0.073 0.073 0.073 1
              6.000000	0.073 0.073 0.073 1
              7.000000	0.073 0.073 0.073 1
              10.000000 0.073 0.073 0.073 1
              12.000000	0.073 0.073 0.073 1
              16.000000	0.073 0.073 0.073 1
              17.000000	0.073 0.073 0.073 1
              18.000000	0.073 0.073 0.073 1
              19.000000	0.073 0.073 0.073 1
              20.000000	0.073 0.073 0.073 1
              21.000000	0.073 0.073 0.073 1
              22.000000	0.073 0.073 0.073 1
            </keyEntryData>
          </keyData>
        </CloudEastColor>
        <CloudWestColor>
          <keyData>
            <numKeyEntries value="14" />
            <keyEntryData content="float_array">
              0.000000	0.073 0.073 0.073 1
              4.000000	0.073 0.073 0.073 1
              5.000000	0.073 0.073 0.073 1
              6.000000	0.073 0.073 0.073 1
              7.000000	0.073 0.073 0.073 1
              10.000000 0.073 0.073 0.073 1
              12.000000	0.073 0.073 0.073 1
              16.000000	0.073 0.073 0.073 1
              17.000000	0.073 0.073 0.073 1
              18.000000	0.073 0.073 0.073 1
              19.000000	0.073 0.073 0.073 1
              20.000000	0.073 0.073 0.073 1
              21.000000	0.073 0.073 0.073 1
              22.000000	0.073 0.073 0.073 1
            </keyEntryData>
          </keyData>
        </CloudWestColor>
        <CloudScaleFillColors>
          <keyData>
            <numKeyEntries value="14" />
            <keyEntryData content="float_array">
              0.000000	16.166000	0.016600	0.450000	0.900000	
              4.000000	16.166000	0.016600	0.450000	0.900000	
              5.000000	16.166000	0.016600	0.450000	0.900000	
              6.000000	16.166000	0.016600	0.450000	0.900000	
              7.000000	16.166000	0.016600	0.450000	0.900000	
              10.000000	16.166000	0.016600	0.450000	0.900000	
              12.000000	16.166000	0.016600	0.450000	0.900000	
              16.000000	16.166000	0.016600	0.450000	0.900000	
              17.000000	16.166000	0.016600	0.450000	0.900000	
              18.000000	16.166000	0.016600	0.450000	0.900000	
              19.000000	16.166000	0.016600	0.450000	0.900000	
              20.000000	16.166000	0.016600	0.450000	0.900000	
              21.000000	16.166000	0.016600	0.450000	0.900000	
              22.000000	16.166000	0.016600	0.450000	0.900000	
            </keyEntryData>
          </keyData>
        </CloudScaleFillColors>
        <CloudDensityShift_Scale_ScatteringConst_Scale> 
          <keyData>
            <numKeyEntries value="14" />
            <keyEntryData content="float_array">
              0.000000	0.000000	0.950000	0.800000	0.050000	
              4.000000	0.000000	0.950000	0.800000	0.050000	
              5.000000	0.000000	0.950000	0.800000	0.050000		
              6.000000	0.000000	0.950000	0.800000	0.050000	
              7.000000	0.000000	0.950000	0.800000	0.050000	
              10.000000	0.000000	0.950000	0.800000	0.050000	
              12.000000	0.000000	0.950000	0.800000	0.050000	
              16.000000	0.000000	0.950000	0.800000	0.050000	
              17.000000	0.000000	0.950000	0.800000	0.050000	
              18.000000	0.000000	0.950000	0.800000	0.050000	
              19.000000	0.000000	0.950000	0.800000	0.050000	
              20.000000	0.000000	0.950000	0.800000	0.050000	
              21.000000	0.000000	0.950000	0.800000	0.050000	
              22.000000	0.000000	0.950000	0.800000	0.050000	
            </keyEntryData>
          </keyData>
        </CloudDensityShift_Scale_ScatteringConst_Scale>
        <CloudPiercingLightPower_Strength_NormalStrength_Thickness> 
          <keyData>
            <numKeyEntries value="14" />
            <keyEntryData content="float_array">
              0.000000	1.000000	0.000000	0.000000	1.000000	
              4.000000	1.000000	0.000000	0.000000	1.000000	
              5.000000	1.000000	0.000000	0.000000	1.000000	
              6.000000	1.000000	0.000000	0.000000	1.000000	
              7.000000	1.000000	0.000000	0.000000	1.000000	
              10.000000	1.000000	0.000000	0.000000	1.000000	
              12.000000	1.000000	0.000000	0.000000	1.000000	
              16.000000	1.000000	0.000000	0.000000	1.000000		
              17.000000	1.000000	0.000000	0.000000	1.000000	
              18.000000	1.000000	0.000000	0.000000	1.000000		
              19.000000 1.000000	0.000000	0.000000	1.000000		
              20.000000	1.000000	0.000000	0.000000	1.000000	
              21.000000	1.000000	0.000000	0.000000	1.000000	
              22.000000	1.000000	0.000000	0.000000	1.000000	
            </keyEntryData>
          </keyData>
        </CloudPiercingLightPower_Strength_NormalStrength_Thickness>
        <CloudScaleDiffuseFillAmbient_WrapAmount>
          <keyData>
            <numKeyEntries value="14" />
            <keyEntryData content="float_array">
              0.000000	1.000000	0.166000	2.000000	0.092000
              4.000000	1.000000	0.166000	2.000000	0.092000
              5.000000	1.000000	0.166000	2.000000	0.092000
              6.000000	1.000000	0.166000	2.000000	0.092000	
              7.000000	1.000000	0.166000	2.000000	0.092000
              10.000000	1.000000	0.166000	2.000000	0.092000
              12.000000	1.000000	0.166000	2.000000	0.092000
              16.000000	1.000000	0.166000	2.000000	0.092000
              17.000000	1.000000	0.166000	2.000000	0.092000
              18.000000	1.000000	0.166000	2.000000	0.092000
              19.000000	1.000000	0.166000	2.000000	0.092000
              20.000000	1.000000	0.166000	2.000000	0.092000
              21.000000	1.000000	0.166000	2.000000	0.092000
              22.000000	1.000000	0.166000	2.000000	0.092000
            </keyEntryData>
          </keyData>
        </CloudScaleDiffuseFillAmbient_WrapAmount>
      </Settings>
    </Item>
  </SettingsMap>
</CloudSettingsMap>