[{"hash":"0x06843DA7060A026B","ctx":{"type":"Entity","idx":0},"getter":{"returnType":"Vector3","returnArgStart":1,"name":"GET_ENTITY_COORDS"},"name":"SET_ENTITY_COORDS","args":[{"translate":true,"type":"Entity"},{"type":"float"},{"type":"float"},{"type":"float"},{"type":"BOOL"},{"type":"BOOL"},{"type":"BOOL"},{"type":"BOOL"}],"type":"ctx"},{"hash":"0x8524A8B0171D5E07","ctx":{"type":"Entity","idx":0},"name":"SET_ENTITY_ROTATION","args":[{"translate":true,"type":"Entity"},{"type":"float"},{"type":"float"},{"type":"float"},{"type":"int"},{"type":"BOOL"}],"type":"ctx"},{"hash":"0x1C99BB7B6E96D16F","ctx":{"type":"Entity","idx":0},"name":"SET_ENTITY_VELOCITY","args":[{"translate":true,"type":"Entity"},{"type":"float"},{"type":"float"},{"type":"float"}],"type":"ctx"},{"hash":"0x8E2530AA8ADA980E","ctx":{"type":"Entity","idx":0},"name":"SET_ENTITY_HEADING","args":[{"translate":true,"type":"Entity"},{"type":"float"}],"type":"ctx"},{"hash":"0x428CA6DBD1094446","ctx":{"type":"Entity","idx":0},"name":"FREEZE_ENTITY_POSITION","args":[{"translate":true,"type":"Entity"},{"type":"BOOL"}],"type":"ctx"},{"hash":"0xC5F68BE9613E2D18","ctx":{"type":"Entity","idx":0},"name":"APPLY_FORCE_TO_ENTITY","args":[{"translate":true,"type":"Entity"},{"type":"int"},{"type":"float"},{"type":"float"},{"type":"float"},{"type":"float"},{"type":"float"},{"type":"float"},{"type":"int"},{"type":"BOOL"},{"type":"BOOL"},{"type":"BOOL"},{"type":"BOOL"},{"type":"BOOL"}],"type":"ctx"},{"hash":"0x00A1CADD00108836","ctx":{"type":"Player","idx":0},"name":"SET_PLAYER_MODEL","args":[{"translate":true,"type":"Player"},{"type":"Hash"}],"type":"ctx"},{"hash":"0x8D32347D6D4C40A2","ctx":{"type":"Player","idx":0},"name":"SET_PLAYER_CONTROL","args":[{"translate":true,"type":"Player"},{"type":"BOOL"},{"type":"int"}],"type":"ctx"},{"hash":"0x239528EACDC3E7DE","ctx":{"type":"Player","idx":0},"name":"SET_PLAYER_INVINCIBLE","args":[{"translate":true,"type":"Player"},{"type":"BOOL"}],"type":"ctx"},{"hash":"0x39FF19C64EF7DA5B","ctx":{"type":"Player","idx":0},"name":"SET_PLAYER_WANTED_LEVEL","args":[{"translate":true,"type":"Player"},{"type":"int"},{"type":"BOOL"}],"type":"ctx"},{"hash":"0xB302540597885499","ctx":{"type":"Player","idx":0},"name":"CLEAR_PLAYER_WANTED_LEVEL","args":[{"translate":true,"type":"Player"}],"type":"ctx"},{"type":"entity","name":"CREATE_PED","hash":"0xD49F9B0955C367DE","args":[{"type":"int"},{"type":"Hash"},{"type":"float"},{"type":"float"},{"type":"float"},{"type":"float"},{"type":"BOOL"},{"type":"BOOL"}]},{"type":"entity","name":"CREATE_PED_INSIDE_VEHICLE","hash":"0x7DD959874C1FD534","args":[{"translate":true,"type":"Entity"},{"type":"int"},{"type":"Hash"},{"type":"int"},{"type":"BOOL"},{"type":"BOOL"}]},{"hash":"0x5F5D1665E352A839","ctx":{"type":"Entity","idx":0},"name":"ADD_PED_DECORATION_FROM_HASHES","args":[{"translate":true,"type":"Entity"},{"type":"Hash"},{"type":"Hash"}],"type":"ctx"},{"hash":"0xF75B0D629E1C063D","ctx":{"type":"Entity","idx":0},"name":"SET_PED_INTO_VEHICLE","args":[{"translate":true,"type":"Entity"},{"translate":true,"type":"Entity"},{"type":"int"}],"type":"ctx"},{"hash":"0x9414E18B9434C2FE","ctx":{"type":"Entity","idx":0},"name":"SET_PED_HEAD_BLEND_DATA","args":[{"translate":true,"type":"Entity"},{"type":"int"},{"type":"int"},{"type":"int"},{"type":"int"},{"type":"int"},{"type":"int"},{"type":"float"},{"type":"float"},{"type":"float"},{"type":"BOOL"}],"type":"ctx"},{"hash":"0x48F44967FA05CC1E","ctx":{"type":"Entity","idx":0},"name":"SET_PED_HEAD_OVERLAY","args":[{"translate":true,"type":"Entity"},{"type":"int"},{"type":"int"},{"type":"float"}],"type":"ctx"},{"hash":"0x4CFFC65454C93A49","ctx":{"type":"Entity","idx":0},"name":"_SET_PED_HAIR_COLOR","args":[{"translate":true,"type":"Entity"},{"type":"int"},{"type":"int"}],"type":"ctx"},{"hash":"0x497BF74A7B9CB952","ctx":{"type":"Entity","idx":0},"name":"_SET_PED_HEAD_OVERLAY_COLOR","args":[{"translate":true,"type":"Entity"},{"type":"int"},{"type":"int"},{"type":"int"},{"type":"int"}],"type":"ctx"},{"hash":"0x50B56988B170AFDF","ctx":{"type":"Entity","idx":0},"name":"_SET_PED_EYE_COLOR","args":[{"translate":true,"type":"Entity"},{"type":"int"}],"type":"ctx"},{"hash":"0x71A5C1DBA060049E","ctx":{"type":"Entity","idx":0},"name":"_SET_PED_FACE_FEATURE","args":[{"translate":true,"type":"Entity"},{"type":"int"},{"type":"float"}],"type":"ctx"},{"hash":"0x45EEE61580806D63","ctx":{"type":"Entity","idx":0},"name":"SET_PED_DEFAULT_COMPONENT_VARIATION","args":[{"translate":true,"type":"Entity"}],"type":"ctx"},{"hash":"0xC8A9481A01E63C28","ctx":{"type":"Entity","idx":0},"name":"SET_PED_RANDOM_COMPONENT_VARIATION","args":[{"translate":true,"type":"Entity"},{"type":"int"}],"type":"ctx"},{"hash":"0x262B14F48D29DE80","ctx":{"type":"Entity","idx":0},"name":"SET_PED_COMPONENT_VARIATION","args":[{"translate":true,"type":"Entity"},{"type":"int"},{"type":"int"},{"type":"int"},{"type":"int"}],"type":"ctx"},{"hash":"0x0943E5B8E078E76E","ctx":{"type":"Entity","idx":0},"name":"CLEAR_PED_PROP","args":[{"translate":true,"type":"Entity"},{"type":"int"}],"type":"ctx"},{"hash":"0xC44AA05345C992C6","ctx":{"type":"Entity","idx":0},"name":"SET_PED_RANDOM_PROPS","args":[{"translate":true,"type":"Entity"}],"type":"ctx"},{"hash":"0x93376B65A266EB5F","ctx":{"type":"Entity","idx":0},"name":"SET_PED_PROP_INDEX","args":[{"translate":true,"type":"Entity"},{"type":"int"},{"type":"int"},{"type":"int"},{"type":"BOOL"}],"type":"ctx"},{"hash":"0xCEA04D83135264CC","ctx":{"type":"Entity","idx":0},"name":"SET_PED_ARMOUR","args":[{"translate":true,"type":"Entity"},{"type":"int"}],"type":"ctx"},{"hash":"0xB128377056A54E2A","ctx":{"type":"Entity","idx":0},"name":"SET_PED_CAN_RAGDOLL","args":[{"translate":true,"type":"Entity"},{"type":"BOOL"}],"type":"ctx"},{"hash":"0x1913FE4CBF41C463","ctx":{"type":"Entity","idx":0},"name":"SET_PED_CONFIG_FLAG","args":[{"translate":true,"type":"Entity"},{"type":"int"},{"type":"BOOL"}],"type":"ctx"},{"hash":"0xC1E8A365BF3B29F2","ctx":{"type":"Entity","idx":0},"name":"SET_PED_RESET_FLAG","args":[{"translate":true,"type":"Entity"},{"type":"int"},{"type":"BOOL"}],"type":"ctx"},{"hash":"0xAE99FB955581844A","ctx":{"type":"Entity","idx":0},"name":"SET_PED_TO_RAGDOLL","args":[{"translate":true,"type":"Entity"},{"type":"int"},{"type":"int"},{"type":"int"},{"type":"BOOL"},{"type":"BOOL"},{"type":"BOOL"}],"type":"ctx"},{"hash":"0xD76632D99E4966C8","ctx":{"type":"Entity","idx":0},"name":"SET_PED_TO_RAGDOLL_WITH_FALL","args":[{"translate":true,"type":"Entity"},{"type":"int"},{"type":"int"},{"type":"int"},{"type":"float"},{"type":"float"},{"type":"float"},{"type":"float"},{"type":"float"},{"type":"float"},{"type":"float"},{"type":"float"},{"type":"float"},{"type":"float"}],"type":"ctx"},{"hash":"0xBF0FD6E56C964FCB","ctx":{"type":"Entity","idx":0},"name":"GIVE_WEAPON_TO_PED","args":[{"translate":true,"type":"Entity"},{"type":"Hash"},{"type":"int"},{"type":"BOOL"},{"type":"BOOL"}],"type":"ctx"},{"hash":"0xD966D51AA5B28BB9","ctx":{"type":"Entity","idx":0},"name":"GIVE_WEAPON_COMPONENT_TO_PED","args":[{"translate":true,"type":"Entity"},{"type":"Hash"},{"type":"Hash"}],"type":"ctx"},{"hash":"0x4899CB088EDF59B8","ctx":{"type":"Entity","idx":0},"name":"REMOVE_WEAPON_FROM_PED","args":[{"translate":true,"type":"Entity"},{"type":"Hash"}],"type":"ctx"},{"hash":"0xF25DF915FA38C5F3","ctx":{"type":"Entity","idx":0},"name":"REMOVE_ALL_PED_WEAPONS","args":[{"translate":true,"type":"Entity"},{"type":"BOOL"}],"type":"ctx"},{"hash":"0x1E8BE90C74FB4C09","ctx":{"type":"Entity","idx":0},"name":"REMOVE_WEAPON_COMPONENT_FROM_PED","args":[{"translate":true,"type":"Entity"},{"type":"Hash"},{"type":"Hash"}],"type":"ctx"},{"hash":"0xADF692B254977C0C","ctx":{"type":"Entity","idx":0},"name":"SET_CURRENT_PED_WEAPON","args":[{"translate":true,"type":"Entity"},{"type":"Hash"},{"type":"BOOL"}],"type":"ctx"},{"hash":"0x14E56BC5B5DB6A19","ctx":{"type":"Entity","idx":0},"name":"SET_PED_AMMO","args":[{"translate":true,"type":"Entity"},{"type":"Hash"},{"type":"int"}],"type":"ctx"},{"hash":"0x72C896464915D1B1","ctx":{"type":"Entity","idx":0},"name":"TASK_REACT_AND_FLEE_PED","args":[{"translate":true,"type":"Entity"},{"translate":true,"type":"Entity"}],"type":"ctx"},{"hash":"0x46A6CC01E0826106","ctx":{"type":"Entity","idx":0},"name":"TASK_SHOOT_AT_COORD","args":[{"translate":true,"type":"Entity"},{"type":"float"},{"type":"float"},{"type":"float"},{"type":"int"},{"type":"Hash"}],"type":"ctx"},{"hash":"0x08DA95E8298AE772","ctx":{"type":"Entity","idx":0},"name":"TASK_SHOOT_AT_ENTITY","args":[{"translate":true,"type":"Entity"},{"translate":true,"type":"Entity"},{"type":"int"},{"type":"Hash"}],"type":"ctx"},{"hash":"0xF166E48407BAC484","ctx":{"type":"Entity","idx":0},"name":"TASK_COMBAT_PED","args":[{"translate":true,"type":"Entity"},{"translate":true,"type":"Entity"},{"type":"int"},{"type":"int"}],"type":"ctx"},{"hash":"0x2F8AF0E82773A171","ctx":{"type":"Entity","idx":0},"name":"TASK_DRIVE_BY","args":[{"translate":true,"type":"Entity"},{"translate":true,"type":"Entity"},{"translate":true,"type":"Entity"},{"type":"float"},{"type":"float"},{"type":"float"},{"type":"float"},{"type":"int"},{"type":"BOOL"},{"type":"Hash"}],"type":"ctx"},{"hash":"0xC20E50AA46D09CA8","ctx":{"type":"Entity","idx":0},"name":"TASK_ENTER_VEHICLE","args":[{"translate":true,"type":"Entity"},{"translate":true,"type":"Entity"},{"type":"int"},{"type":"int"},{"type":"float"},{"type":"int"},{"type":"Any"}],"type":"ctx"},{"hash":"0x9A7D091411C5F684","ctx":{"type":"Entity","idx":0},"name":"TASK_WARP_PED_INTO_VEHICLE","args":[{"translate":true,"type":"Entity"},{"translate":true,"type":"Entity"},{"type":"int"}],"type":"ctx"},{"hash":"0xF2EAB31979A7F910","ctx":{"type":"Entity","idx":0},"name":"TASK_HANDS_UP","args":[{"translate":true,"type":"Entity"},{"type":"int"},{"translate":true,"type":"Entity"},{"type":"int"},{"type":"BOOL"}],"type":"ctx"},{"hash":"0xEA47FE3719165B94","ctx":{"type":"Entity","idx":0},"name":"TASK_PLAY_ANIM","args":[{"translate":true,"type":"Entity"},{"type":"charPtr"},{"type":"charPtr"},{"type":"float"},{"type":"float"},{"type":"int"},{"type":"int"},{"type":"float"},{"type":"BOOL"},{"type":"BOOL"},{"type":"BOOL"}],"type":"ctx"},{"hash":"0x83CDB10EA29B370B","ctx":{"type":"Entity","idx":0},"name":"TASK_PLAY_ANIM_ADVANCED","args":[{"translate":true,"type":"Entity"},{"type":"charPtr"},{"type":"charPtr"},{"type":"float"},{"type":"float"},{"type":"float"},{"type":"float"},{"type":"float"},{"type":"float"},{"type":"float"},{"type":"float"},{"type":"int"},{"type":"Any"},{"type":"float"},{"type":"Any"},{"type":"Any"}],"type":"ctx"},{"hash":"0xE1EF3C1216AFF2CD","ctx":{"type":"Entity","idx":0},"name":"CLEAR_PED_TASKS","args":[{"translate":true,"type":"Entity"}],"type":"ctx"},{"hash":"0xAAA34F8A7CB32098","ctx":{"type":"Entity","idx":0},"name":"CLEAR_PED_TASKS_IMMEDIATELY","args":[{"translate":true,"type":"Entity"}],"type":"ctx"},{"hash":"0x176CECF6F920D707","ctx":{"type":"Entity","idx":0},"name":"CLEAR_PED_SECONDARY_TASK","args":[{"translate":true,"type":"Entity"}],"type":"ctx"},{"hash":"0x7F93691AB4B92272","ctx":{"type":"Entity","idx":0},"name":"TASK_EVERYONE_LEAVE_VEHICLE","args":[{"translate":true,"type":"Entity"}],"type":"ctx"},{"hash":"0x504D54DF3F6F2247","ctx":{"type":"Entity","idx":0},"name":"TASK_LEAVE_ANY_VEHICLE","args":[{"translate":true,"type":"Entity"},{"type":"int"},{"type":"int"}],"type":"ctx"},{"hash":"0xD3DBCE61A490BE02","ctx":{"type":"Entity","idx":0},"name":"TASK_LEAVE_VEHICLE","args":[{"translate":true,"type":"Entity"},{"translate":true,"type":"Entity"},{"type":"int"}],"type":"ctx"},{"hash":"0xD76B57B44F1E6F8B","ctx":{"type":"Entity","idx":0},"name":"TASK_GO_STRAIGHT_TO_COORD","args":[{"translate":true,"type":"Entity"},{"type":"float"},{"type":"float"},{"type":"float"},{"type":"float"},{"type":"int"},{"type":"float"},{"type":"float"}],"type":"ctx"},{"hash":"0x5BC448CB78FA3E88","ctx":{"type":"Entity","idx":0},"name":"TASK_GO_TO_COORD_ANY_MEANS","args":[{"translate":true,"type":"Entity"},{"type":"float"},{"type":"float"},{"type":"float"},{"type":"float"},{"type":"Any"},{"type":"BOOL"},{"type":"int"},{"type":"float"}],"type":"ctx"},{"hash":"0x6A071245EB0D1882","ctx":{"type":"Entity","idx":0},"name":"TASK_GO_TO_ENTITY","args":[{"translate":true,"type":"Entity"},{"translate":true,"type":"Entity"},{"type":"int"},{"type":"float"},{"type":"float"},{"type":"float"},{"type":"int"}],"type":"ctx"},{"type":"entity","name":"CREATE_VEHICLE","hash":"0xAF35D0D2583051B0","args":[{"type":"Hash"},{"type":"float"},{"type":"float"},{"type":"float"},{"type":"float"},{"type":"BOOL"},{"type":"BOOL"}]},{"hash":"0xCDE5E70C1DDB954C","ctx":{"type":"Entity","idx":0},"name":"SET_VEHICLE_ALARM","args":[{"translate":true,"type":"Entity"},{"type":"BOOL"}],"type":"ctx"},{"hash":"0xB77D05AC8C78AADB","ctx":{"type":"Entity","idx":0},"name":"SET_VEHICLE_BODY_HEALTH","args":[{"translate":true,"type":"Entity"},{"type":"float"}],"type":"ctx"},{"hash":"0x4F1D4BE3A7F24601","ctx":{"type":"Entity","idx":0},"name":"SET_VEHICLE_COLOURS","args":[{"translate":true,"type":"Entity"},{"type":"int"},{"type":"int"}],"type":"ctx"},{"hash":"0x33E8CD3322E2FE31","ctx":{"type":"Entity","idx":0},"name":"SET_VEHICLE_COLOUR_COMBINATION","args":[{"translate":true,"type":"Entity"},{"type":"int"}],"type":"ctx"},{"hash":"0x7141766F91D15BEA","ctx":{"type":"Entity","idx":0},"name":"SET_VEHICLE_CUSTOM_PRIMARY_COLOUR","args":[{"translate":true,"type":"Entity"},{"type":"int"},{"type":"int"},{"type":"int"}],"type":"ctx"},{"hash":"0x36CED73BFED89754","ctx":{"type":"Entity","idx":0},"name":"SET_VEHICLE_CUSTOM_SECONDARY_COLOUR","args":[{"translate":true,"type":"Entity"},{"type":"int"},{"type":"int"},{"type":"int"}],"type":"ctx"},{"hash":"0x79D3B596FE44EE8B","ctx":{"type":"Entity","idx":0},"name":"SET_VEHICLE_DIRT_LEVEL","args":[{"translate":true,"type":"Entity"},{"type":"float"}],"type":"ctx"},{"hash":"0xD4D4F6A4AB575A33","ctx":{"type":"Entity","idx":0},"name":"SET_VEHICLE_DOOR_BROKEN","args":[{"translate":true,"type":"Entity"},{"type":"int"},{"type":"BOOL"}],"type":"ctx"},{"hash":"0x95A88F0B409CDA47","ctx":{"type":"Entity","idx":0},"name":"SET_VEHICLE_NUMBER_PLATE_TEXT","args":[{"translate":true,"type":"Entity"},{"type":"charPtr"}],"type":"ctx"},{"hash":"0xB664292EAECF7FA6","ctx":{"type":"Entity","idx":0},"name":"SET_VEHICLE_DOORS_LOCKED","args":[{"translate":true,"type":"Entity"},{"type":"int"}],"type":"ctx"},{"type":"entity","name":"CREATE_OBJECT","hash":"0x509D5878EB39E842","args":[{"type":"Hash"},{"type":"float"},{"type":"float"},{"type":"float"},{"type":"BOOL"},{"type":"BOOL"},{"type":"BOOL"}]},{"type":"entity","name":"CREATE_OBJECT_NO_OFFSET","hash":"0x9A294B2138ABB884","args":[{"type":"Hash"},{"type":"float"},{"type":"float"},{"type":"float"},{"type":"BOOL"},{"type":"BOOL"},{"type":"BOOL"}]},{"type":"object","name":"_ADD_BLIP_FOR_AREA","hash":"0xCE5D0E5E315DB238","args":[{"type":"float"},{"type":"float"},{"type":"float"},{"type":"float"},{"type":"float"}]},{"type":"object","name":"ADD_BLIP_FOR_COORD","hash":"0x5A039BB0BCA604B6","args":[{"type":"float"},{"type":"float"},{"type":"float"}]},{"type":"object","name":"ADD_BLIP_FOR_RADIUS","hash":"0x46818D79B1F7499A","args":[{"type":"float"},{"type":"float"},{"type":"float"},{"type":"float"}]},{"type":"object","name":"ADD_BLIP_FOR_ENTITY","hash":"0x5CDE92C702A8FCE7","args":[{"translate":true,"type":"Entity"}]},{"hash":"0xDF735600A4696DAF","ctx":{"type":"ObjRef","idx":0},"getter":{"returnType":"int","returnArgStart":1,"name":"GET_BLIP_SPRITE"},"name":"SET_BLIP_SPRITE","args":[{"translate":true,"type":"ObjRef"},{"type":"int"}],"type":"ctx"},{"hash":"0x86A652570E5F25DD","ctx":{"type":"ObjDel","idx":0},"name":"REMOVE_BLIP","args":[{"translate":true,"type":"ObjDel"}],"type":"ctx"}]
